{
	"info": {
		"_postman_id": "898e4d9a-795f-4ced-9c81-2bfeff0b1763",
		"name": "SalesForceRestAPI",
		"schema": "https://schema.getpostman.com/json/collection/v2.1.0/collection.json"
	},
	"item": [
		{
			"name": "Contacts",
			"item": [
				{
					"name": "Craete contact",
					"event": [
						{
							"listen": "test",
							"script": {
								"exec": [
									"var response = pm.response.json();\r",
									"\r",
									"var contact_id = response.id; \r",
									"\r",
									"pm.globals.set(\"Contact_Id\", contact_id);\r",
									"\r",
									"pm.test(\"Status code is 201\", function () {\r",
									"    pm.response.to.have.status(201);\r",
									"});"
								],
								"type": "text/javascript"
							}
						}
					],
					"request": {
						"method": "POST",
						"header": [],
						"body": {
							"mode": "raw",
							"raw": "{\r\n    \"FirstName\": \"Akshay\",\r\n    \"LastName\" : \"Kumar\"\r\n}",
							"options": {
								"raw": {
									"language": "json"
								}
							}
						},
						"url": {
							"raw": "https://{{server}}/services/data/v20.0/sobjects/Contact",
							"protocol": "https",
							"host": [
								"{{server}}"
							],
							"path": [
								"services",
								"data",
								"v20.0",
								"sobjects",
								"Contact"
							]
						}
					},
					"response": []
				},
				{
					"name": "Get All resources",
					"event": [
						{
							"listen": "test",
							"script": {
								"exec": [
									"pm.test(\"Status code is 200\", function () {\r",
									"    pm.response.to.have.status(200);\r",
									"});"
								],
								"type": "text/javascript"
							}
						}
					],
					"protocolProfileBehavior": {
						"disableBodyPruning": true
					},
					"request": {
						"method": "GET",
						"header": [],
						"body": {
							"mode": "raw",
							"raw": "",
							"options": {
								"raw": {
									"language": "json"
								}
							}
						},
						"url": {
							"raw": "https://{{server}}/services/data/v20.0/sobjects/Contact",
							"protocol": "https",
							"host": [
								"{{server}}"
							],
							"path": [
								"services",
								"data",
								"v20.0",
								"sobjects",
								"Contact"
							]
						}
					},
					"response": []
				},
				{
					"name": "Get single resources",
					"protocolProfileBehavior": {
						"disableBodyPruning": true
					},
					"request": {
						"method": "GET",
						"header": [],
						"body": {
							"mode": "raw",
							"raw": "",
							"options": {
								"raw": {
									"language": "json"
								}
							}
						},
						"url": {
							"raw": "https://{{server}}/services/data/v20.0/sobjects/Contact/{{Contact_Id}}",
							"protocol": "https",
							"host": [
								"{{server}}"
							],
							"path": [
								"services",
								"data",
								"v20.0",
								"sobjects",
								"Contact",
								"{{Contact_Id}}"
							]
						}
					},
					"response": []
				},
				{
					"name": "Update",
					"event": [
						{
							"listen": "test",
							"script": {
								"exec": [
									"pm.test(\"Status code is 204\", function () {\r",
									"    pm.response.to.have.status(204);\r",
									"});"
								],
								"type": "text/javascript"
							}
						}
					],
					"request": {
						"method": "PATCH",
						"header": [],
						"body": {
							"mode": "raw",
							"raw": "{\r\n    \"FirstName\" : \"Aravind \"\r\n}",
							"options": {
								"raw": {
									"language": "json"
								}
							}
						},
						"url": {
							"raw": "https://{{server}}/services/data/v20.0/sobjects/Contact/{{Contact_Id}}",
							"protocol": "https",
							"host": [
								"{{server}}"
							],
							"path": [
								"services",
								"data",
								"v20.0",
								"sobjects",
								"Contact",
								"{{Contact_Id}}"
							]
						}
					},
					"response": []
				},
				{
					"name": "Delete contact",
					"event": [
						{
							"listen": "test",
							"script": {
								"exec": [
									"pm.test(\"Status code is 204\", function () {\r",
									"    pm.response.to.have.status(204);\r",
									"});"
								],
								"type": "text/javascript"
							}
						}
					],
					"request": {
						"method": "DELETE",
						"header": [],
						"body": {
							"mode": "raw",
							"raw": "",
							"options": {
								"raw": {
									"language": "json"
								}
							}
						},
						"url": {
							"raw": "https://{{server}}/services/data/v20.0/sobjects/Contact/{{Contact_Id}}",
							"protocol": "https",
							"host": [
								"{{server}}"
							],
							"path": [
								"services",
								"data",
								"v20.0",
								"sobjects",
								"Contact",
								"{{Contact_Id}}"
							]
						}
					},
					"response": []
				}
			]
		},
		{
			"name": "Opportunity",
			"item": [
				{
					"name": "Create Opportunity",
					"event": [
						{
							"listen": "test",
							"script": {
								"exec": [
									"var response = pm.response.json();\r",
									"\r",
									"var opportunity_Id = response.id; \r",
									"\r",
									"pm.globals.set(\"opportunity_Id\", opportunity_Id);\r",
									"\r",
									"pm.test(\"Status code is 201\", function () {\r",
									"    pm.response.to.have.status(201);\r",
									"});"
								],
								"type": "text/javascript"
							}
						}
					],
					"request": {
						"method": "POST",
						"header": [],
						"body": {
							"mode": "raw",
							"raw": "{\r\n\r\n    \"StageName\":\"Qualification\",\r\n    \"Name\":\"xyz1111\",\r\n    \"CloseDate\":\"2022-05-18\"\r\n}",
							"options": {
								"raw": {
									"language": "json"
								}
							}
						},
						"url": {
							"raw": "https://{{server}}/services/data/v20.0/sobjects/opportunity",
							"protocol": "https",
							"host": [
								"{{server}}"
							],
							"path": [
								"services",
								"data",
								"v20.0",
								"sobjects",
								"opportunity"
							]
						}
					},
					"response": []
				},
				{
					"name": "get all opportunity",
					"protocolProfileBehavior": {
						"disableBodyPruning": true
					},
					"request": {
						"method": "GET",
						"header": [],
						"body": {
							"mode": "raw",
							"raw": "",
							"options": {
								"raw": {
									"language": "json"
								}
							}
						},
						"url": {
							"raw": "https://{{server}}/services/data/v20.0/sobjects/opportunity",
							"protocol": "https",
							"host": [
								"{{server}}"
							],
							"path": [
								"services",
								"data",
								"v20.0",
								"sobjects",
								"opportunity"
							]
						}
					},
					"response": []
				},
				{
					"name": "get single opportunity",
					"protocolProfileBehavior": {
						"disableBodyPruning": true
					},
					"request": {
						"method": "GET",
						"header": [],
						"body": {
							"mode": "raw",
							"raw": "",
							"options": {
								"raw": {
									"language": "json"
								}
							}
						},
						"url": {
							"raw": "https://{{server}}/services/data/v20.0/sobjects/opportunity/{{opportunity_Id}}",
							"protocol": "https",
							"host": [
								"{{server}}"
							],
							"path": [
								"services",
								"data",
								"v20.0",
								"sobjects",
								"opportunity",
								"{{opportunity_Id}}"
							]
						}
					},
					"response": []
				},
				{
					"name": "get single opportunity Copy",
					"request": {
						"method": "PATCH",
						"header": [],
						"body": {
							"mode": "raw",
							"raw": "{\r\n     \"StageName\":\"Prospecting\"\r\n}",
							"options": {
								"raw": {
									"language": "json"
								}
							}
						},
						"url": {
							"raw": "https://ap16.salesforce.com/services/data/v20.0/sobjects/opportunity/{{opportunity_Id}}",
							"protocol": "https",
							"host": [
								"ap16",
								"salesforce",
								"com"
							],
							"path": [
								"services",
								"data",
								"v20.0",
								"sobjects",
								"opportunity",
								"{{opportunity_Id}}"
							]
						}
					},
					"response": []
				},
				{
					"name": "get single opportunity Copy 2",
					"request": {
						"method": "DELETE",
						"header": [],
						"body": {
							"mode": "raw",
							"raw": "",
							"options": {
								"raw": {
									"language": "json"
								}
							}
						},
						"url": {
							"raw": "https://ap16.salesforce.com/services/data/v20.0/sobjects/opportunity/{{opportunity_Id}}",
							"protocol": "https",
							"host": [
								"ap16",
								"salesforce",
								"com"
							],
							"path": [
								"services",
								"data",
								"v20.0",
								"sobjects",
								"opportunity",
								"{{opportunity_Id}}"
							]
						}
					},
					"response": []
				}
			]
		},
		{
			"name": "Lead",
			"item": [
				{
					"name": "GenerateToken",
					"request": {
						"method": "POST",
						"header": [],
						"body": {
							"mode": "formdata",
							"formdata": [
								{
									"key": "grant_type",
									"value": "password",
									"type": "text"
								},
								{
									"key": "client_id",
									"value": "3MVG9fe4g9fhX0E78G.JkSsPzj2iFXkQJYHdCKdAYwJ_vfM299N39G..V9hGIAHhlDz8sOpgFmQdDhZ30oeGw",
									"type": "text"
								},
								{
									"key": "client_secret",
									"value": "F902378D17A9C655C2E3C466592C530E99D99256E312860FE52C3A27439515B6",
									"type": "text"
								},
								{
									"key": "username",
									"value": "hari.radhakrishnan@qeagle.com",
									"type": "text"
								},
								{
									"key": "password",
									"value": "Tuna@123",
									"type": "text"
								}
							]
						},
						"url": {
							"raw": "https://login.salesforce.com/services/oauth2/token",
							"protocol": "https",
							"host": [
								"login",
								"salesforce",
								"com"
							],
							"path": [
								"services",
								"oauth2",
								"token"
							]
						}
					},
					"response": []
				},
				{
					"name": "Create Lead",
					"request": {
						"method": "POST",
						"header": [],
						"body": {
							"mode": "raw",
							"raw": "{\r\n    \"FirstName\" : \"Akshay\",\r\n    \"LastName\" : \"Kumar\",\r\n    \"Company\" : \"EY\"\r\n}",
							"options": {
								"raw": {
									"language": "json"
								}
							}
						},
						"url": {
							"raw": "https://ap16.salesforce.com/services/data/v20.0/sobjects/Lead",
							"protocol": "https",
							"host": [
								"ap16",
								"salesforce",
								"com"
							],
							"path": [
								"services",
								"data",
								"v20.0",
								"sobjects",
								"Lead"
							]
						}
					},
					"response": []
				},
				{
					"name": "Generate all resources",
					"request": {
						"method": "GET",
						"header": [],
						"url": {
							"raw": "https://ap16.salesforce.com/services/data/v20.0/sobjects/Lead",
							"protocol": "https",
							"host": [
								"ap16",
								"salesforce",
								"com"
							],
							"path": [
								"services",
								"data",
								"v20.0",
								"sobjects",
								"Lead"
							]
						}
					},
					"response": []
				},
				{
					"name": "Generate single record",
					"request": {
						"method": "GET",
						"header": [],
						"url": {
							"raw": "https://ap16.salesforce.com/services/data/v20.0/sobjects/Lead/00Q5g00000D1fTDEAZ",
							"protocol": "https",
							"host": [
								"ap16",
								"salesforce",
								"com"
							],
							"path": [
								"services",
								"data",
								"v20.0",
								"sobjects",
								"Lead",
								"00Q5g00000D1fTDEAZ"
							]
						}
					},
					"response": []
				},
				{
					"name": "Generate single record Copy",
					"request": {
						"method": "PATCH",
						"header": [],
						"body": {
							"mode": "raw",
							"raw": "{\r\n    \"FirstName\" : \"Aravind\"\r\n}",
							"options": {
								"raw": {
									"language": "json"
								}
							}
						},
						"url": {
							"raw": "https://ap16.salesforce.com/services/data/v20.0/sobjects/Lead/00Q5g00000D1fTDEAZ",
							"protocol": "https",
							"host": [
								"ap16",
								"salesforce",
								"com"
							],
							"path": [
								"services",
								"data",
								"v20.0",
								"sobjects",
								"Lead",
								"00Q5g00000D1fTDEAZ"
							]
						}
					},
					"response": []
				},
				{
					"name": "Generate single record Copy",
					"request": {
						"method": "DELETE",
						"header": [],
						"body": {
							"mode": "raw",
							"raw": "",
							"options": {
								"raw": {
									"language": "json"
								}
							}
						},
						"url": {
							"raw": "https://ap16.salesforce.com/services/data/v20.0/sobjects/Lead/00Q5g00000D1fRlEAJ",
							"protocol": "https",
							"host": [
								"ap16",
								"salesforce",
								"com"
							],
							"path": [
								"services",
								"data",
								"v20.0",
								"sobjects",
								"Lead",
								"00Q5g00000D1fRlEAJ"
							]
						}
					},
					"response": []
				}
			]
		}
	],
	"auth": {
		"type": "oauth2",
		"oauth2": [
			{
				"key": "client_authentication",
				"value": "body",
				"type": "string"
			},
			{
				"key": "clientSecret",
				"value": "68B6E26E6499A8464EEDF44EFC48A4DE96D5DF6BAE2829734385889960A26A6E",
				"type": "string"
			},
			{
				"key": "clientId",
				"value": "3MVG9fe4g9fhX0E78G.JkSsPzj2iFXkQJYHdCqTxVPllI2FPegHKzVuUPDthEG_FtQ0jNfRw1PwPLel1E2V7G",
				"type": "string"
			},
			{
				"key": "accessTokenUrl",
				"value": "https://login.salesforce.com/services/oauth2/token",
				"type": "string"
			},
			{
				"key": "authUrl",
				"value": "https://login.salesforce.com/services/oauth2/authorize",
				"type": "string"
			},
			{
				"key": "redirect_uri",
				"value": "https://www.getpostman.com/oauth2/callback",
				"type": "string"
			},
			{
				"key": "tokenName",
				"value": "TestToken",
				"type": "string"
			},
			{
				"key": "addTokenTo",
				"value": "header",
				"type": "string"
			}
		]
	},
	"event": [
		{
			"listen": "prerequest",
			"script": {
				"type": "text/javascript",
				"exec": [
					""
				]
			}
		},
		{
			"listen": "test",
			"script": {
				"type": "text/javascript",
				"exec": [
					""
				]
			}
		}
	],
	"variable": [
		{
			"key": "ClientId",
			"value": "3MVG9fe4g9fhX0E78G.JkSsPzj2iFXkQJYHdCKdAYwJ_vfM299N39G..V9hGIAHhlDz8sOpgFmQdDhZ30oeGw",
			"type": "string"
		},
		{
			"key": "Client Secret",
			"value": "F902378D17A9C655C2E3C466592C530E99D99256E312860FE52C3A27439515B6",
			"type": "string"
		},
		{
			"key": "Client Id",
			"value": "3MVG9fe4g9fhX0E78G.JkSsPzj2iFXkQJYHdCKdAYwJ_vfM299N39G..V9hGIAHhlDz8sOpgFmQdDhZ30oeGw"
		},
		{
			"key": "Client Secret Id",
			"value": "2C530E99D99256E312860FE52C3A27439515B6"
		}
	]
}